{"train_loss":0.00029386961666334955,"validation_loss":0.0003445681504672393,"epoch":999,"_timestamp":1.7713220075011919e+09,"_wandb":{"runtime":3},"_runtime":3,"_step":999}