{"_step":10,"epoch":10,"train_loss":0.023132845914612215,"final_online_mse":29.195755004882812,"_wandb":{"runtime":72},"_runtime":72,"val_loss":0.023313291370868683,"_timestamp":1.773557383693228e+09}