{"_runtime":93,"_timestamp":1.7714647165493991e+09,"_step":999,"train_loss":0.013662734534591436,"validation_loss":0.013629525899887085,"epoch":999,"_wandb":{"runtime":93}}