{"_step":10,"final_online_mse":85.32125663757324,"_runtime":71,"_wandb":{"runtime":71},"epoch":10,"train_loss":0.05707997828722,"val_loss":0.06417227536439896,"_timestamp":1.773558226280833e+09}