{"_timestamp":1.7717658143677719e+09,"_step":999,"train_loss":0.00017144916956957396,"validation_loss":0.00016996896374621429,"epoch":999,"_wandb":{"runtime":2973},"_runtime":2973}