{"final_online_mse":4.316306686401367,"_wandb":{"runtime":3368},"_runtime":3368,"epoch":40,"train_loss":0.0028957774296141923,"val_loss":0.004600664800964296,"_timestamp":1.7734110100691571e+09,"_step":40}