{"_runtime":93,"_wandb":{"runtime":93},"validation_loss":0.011451872065663338,"epoch":999,"_timestamp":1.7714636935804532e+09,"_step":999,"train_loss":0.011465589050203562}