{"_wandb":{"runtime":152},"_runtime":152,"epoch":212,"train_loss":0.005747898171345393,"val_loss":0.005060420371592045,"_timestamp":1.773656204533428e+09,"_step":211}