{"_timestamp":1.7714634857155762e+09,"_wandb":{"runtime":95},"_runtime":95,"_step":999,"train_loss":0.011178552638739347,"validation_loss":0.011160057969391346,"epoch":999}