{"_runtime":3,"epoch":999,"_timestamp":1.77132377993694e+09,"_step":999,"train_loss":0.0002554225024401343,"validation_loss":0.0002937089157057926,"_wandb":{"runtime":3}}