{"_timestamp":1.7736515055486012e+09,"_step":50,"final_online_mse":4.249256825447082,"_wandb":{"runtime":232},"_runtime":232,"epoch":50,"train_loss":0.004679157442849459,"val_loss":0.004019809821620583}