{"_step":50,"epoch":50,"train_loss":0.004679157442849459,"val_loss":0.004019809821620583,"_timestamp":1.7736519691103182e+09,"final_online_mse":4.249256825447082,"_wandb":{"runtime":232},"_runtime":232}