{"epoch":999,"_timestamp":1.771632914448138e+09,"_step":999,"train_loss":0.0003578502177593431,"validation_loss":0.000510316007421352,"_wandb":{"runtime":3},"_runtime":3}