{"_runtime":91,"train_loss":0.000198851092136465,"validation_loss":0.00019815673294942826,"epoch":999,"_timestamp":1.771660544818026e+09,"_step":999,"_wandb":{"runtime":91}}