{"validation_loss":0.00016041316916926007,"epoch":999,"_runtime":3010,"_wandb":{"runtime":3010},"_timestamp":1.771768905514935e+09,"_step":999,"train_loss":0.00017579602192979238}