{"validation_loss":0.009986229240894318,"epoch":999,"_timestamp":1.77146444844274e+09,"_step":999,"_wandb":{"runtime":92},"_runtime":92,"train_loss":0.010013319086283445}