{"val_loss":0.004139026161283255,"final_online_mse":5.0970072746276855,"_wandb":{"runtime":358},"_runtime":358,"_timestamp":1.773655304187017e+09,"_step":500,"epoch":500,"train_loss":0.003632023697718978}