{"final_online_mse":5.818592071533203,"_wandb":{"runtime":740},"_runtime":740,"_step":50,"epoch":50,"train_loss":0.0056972729895884795,"val_loss":0.005665407719789073,"_timestamp":1.773554789034185e+09}