{"_runtime":637,"epoch":1000,"train_loss":0.002112275416341921,"val_loss":0.0064144982025027275,"_timestamp":1.773654293349479e+09,"_step":1000,"final_online_mse":5.601786136627197,"_wandb":{"runtime":637}}