{"_runtime":73,"_wandb":{"runtime":73},"_step":10,"epoch":10,"train_loss":0.027484033877650898,"val_loss":0.026936921291053295,"_timestamp":1.7735575501419141e+09,"final_online_mse":35.84106111526489}