{"_wandb":{"runtime":2},"_runtime":2,"train_loss":0.0010771438828669488,"validation_loss":0.0012153107672929764,"epoch":999,"_timestamp":1.771905899384408e+09,"_step":999}