{"_step":10,"final_online_mse":9.070153198242188,"_wandb":{"runtime":420},"_runtime":420,"epoch":10,"train_loss":0.009454245962013927,"val_loss":0.008254471234977245,"_timestamp":1.773558963267658e+09}