{"_step":999,"train_loss":0.00040887922763691416,"validation_loss":0.0004762720345752314,"epoch":999,"_wandb":{"runtime":3},"_runtime":3,"_timestamp":1.771323673456337e+09}