{"_wandb":{"runtime":3},"_runtime":3,"train_loss":0.0003683695602895958,"validation_loss":0.00029364317015279084,"epoch":999,"_timestamp":1.771598374650369e+09,"_step":999}