{"_step":999,"train_loss":0.0002820517713969041,"validation_loss":0.00032859267957974225,"_wandb":{"runtime":3},"_runtime":3,"epoch":999,"_timestamp":1.771323600721451e+09}