{"_timestamp":1.7735558231760871e+09,"_step":10,"epoch":10,"final_online_mse":14.645476222038269,"_wandb":{"runtime":146},"_runtime":146,"train_loss":0.012048776028677821,"val_loss":0.00996734423097223}