{"validation_loss":0.000555262784473598,"epoch":999,"_wandb":{"runtime":23},"_runtime":23,"_timestamp":1.771421085812686e+09,"_step":999,"train_loss":0.00036176051695032844}