{"_step":999,"train_loss":0.0002731790466766272,"validation_loss":0.0002900376421166584,"epoch":999,"_runtime":3,"_wandb":{"runtime":3},"_timestamp":1.771323478377486e+09}