{"_timestamp":1.7714642406559758e+09,"_step":999,"train_loss":0.011982762720435858,"_wandb":{"runtime":93},"_runtime":93,"validation_loss":0.01195614505559206,"epoch":999}