{"_wandb":{"runtime":26},"_runtime":26,"epoch":999,"_timestamp":1.771420608490131e+09,"_step":999,"train_loss":0.0006956730087819908,"validation_loss":0.0007253265066538006}