{"_runtime":145,"_step":10,"epoch":10,"train_loss":0.016165155917406082,"val_loss":0.010892302147112787,"_timestamp":1.773556758927223e+09,"final_online_mse":16.1794935464859,"_wandb":{"runtime":145}}