{"_step":999,"train_loss":0.011161106638610363,"validation_loss":0.01114134956151247,"_wandb":{"runtime":91},"_runtime":91,"epoch":999,"_timestamp":1.771463827797487e+09}