{"_step":1000,"epoch":1000,"train_loss":0.0009696614385272065,"val_loss":0.003235733835026622,"_timestamp":1.773658755839382e+09,"final_online_mse":2.433009147644043,"_wandb":{"runtime":700},"_runtime":700}