{"_step":150,"epoch":150,"train_loss":0.0003800539273522486,"final_online_mse":4.426372289657593,"_wandb":{"runtime":13900},"_runtime":13900,"val_loss":0.005788098308257759,"_timestamp":1.773550560866824e+09}