{"_timestamp":1.7736237047998872e+09,"final_online_mse":4.362835683822632,"_runtime":5143,"_wandb":{"runtime":5143},"_step":50,"epoch":50,"train_loss":0.005374081017260876,"val_loss":0.0056102710869163274}