{"final_online_mse":7.516662006378174,"_wandb":{"runtime":12912},"_runtime":12912,"_timestamp":1.773615725110796e+09,"_step":150,"epoch":150,"train_loss":0.004219356888928745,"val_loss":0.007801999691873789}