{"_step":2000,"epoch":2000,"train_loss":0.0002789464876210938,"val_loss":0.003468670416623354,"_timestamp":1.7736677672153301e+09,"final_online_mse":2.433009147644043,"_wandb":{"runtime":1370},"_runtime":1370}