{"_timestamp":1.771771418119282e+09,"_step":999,"train_loss":2.2829456296692895e-06,"validation_loss":4.110778753840805e-07,"epoch":999,"_wandb":{"runtime":1022},"_runtime":1022}