{"epoch":50,"train_loss":0.009006336447782815,"val_loss":0.006181424017995596,"final_online_mse":8.267154455184937,"_runtime":39,"_wandb":{"runtime":39},"_timestamp":1.773652991969908e+09,"_step":50}