{"train_loss":0.009006336447782815,"val_loss":0.006181424017995596,"_timestamp":1.773653218343491e+09,"final_online_mse":8.267154455184937,"_wandb":{"runtime":34},"_runtime":34,"_step":50,"epoch":50}