{"_wandb":{"runtime":2},"_runtime":2,"epoch":999,"_timestamp":1.77190603852021e+09,"_step":999,"train_loss":9.839156518864911e-05,"validation_loss":0.0001609635364729911}