{"_step":999,"_wandb":{"runtime":23},"_runtime":23,"train_loss":0.0005382259842008352,"validation_loss":0.0006600893393624574,"epoch":999,"_timestamp":1.771421275714783e+09}