{"validation_loss":0.00015712538997831872,"epoch":999,"_wandb":{"runtime":3030},"_runtime":3030,"_timestamp":1.771762518545185e+09,"_step":999,"train_loss":0.00015432084435035775}