{"epoch":999,"_wandb":{"runtime":23},"_runtime":23,"_timestamp":1.771421185461867e+09,"_step":999,"train_loss":0.0005385356198530644,"validation_loss":0.000782660732511431}