{"train_loss":0.017618805170059204,"val_loss":0.015585244633257389,"_timestamp":1.773653607092352e+09,"final_online_mse":23.21971893310547,"_runtime":35,"_wandb":{"runtime":35},"_step":50,"epoch":50}