{"validation_loss":0.008128959685564041,"epoch":999,"_timestamp":1.7714639995960739e+09,"_wandb":{"runtime":93},"_runtime":93,"_step":999,"train_loss":0.008148405700922012}