{"validation_loss":0.0007161538815125823,"epoch":999,"_timestamp":1.771419883086151e+09,"_step":999,"_wandb":{"runtime":3},"_runtime":3,"train_loss":0.0007046231268239873}