{"_timestamp":1.773460274454203e+09,"_step":3,"_wandb":{"runtime":431},"_runtime":431,"epoch":4,"train_loss":0.00800559594248463,"val_loss":0.006469465522095561}