{"epoch":999,"_timestamp":1.771905976487823e+09,"_step":999,"train_loss":0.0010771438828669488,"_wandb":{"runtime":2},"_runtime":2,"validation_loss":0.0012153107672929764}