{"_runtime":228,"_timestamp":1.773652594553594e+09,"_step":50,"epoch":50,"train_loss":0.004679157442849459,"val_loss":0.004019809821620583,"final_online_mse":4.249256825447082,"_wandb":{"runtime":228}}