{"_step":999,"_wandb":{"runtime":1053},"_runtime":1053,"train_loss":2.1440770213234016e-07,"validation_loss":5.329035515089231e-08,"epoch":999,"_timestamp":1.771770324624232e+09}