{"_runtime":13671,"epoch":150,"train_loss":0.0027011801706792057,"val_loss":0.006973673272877932,"_timestamp":1.773586481963402e+09,"_step":150,"final_online_mse":4.479577198028564,"_wandb":{"runtime":13671}}