{"_step":999,"train_loss":0.00014218474825611338,"validation_loss":0.00018576587899588048,"epoch":999,"_timestamp":1.77142101471549e+09,"_wandb":{"runtime":23},"_runtime":23}